"Suite","Exit","PassLines"
"self_test.gd","0","16"
"bench_test.gd","0","11"
"save_robustness_test.gd","0","78"
"bignum_test.gd","0","54"
"prestige_test.gd","0","45"
"p19c_test.gd","0","38"
"p3_test.gd","0","36"
"p4_test.gd","0","50"
"p5_test.gd","0","31"
"p6_test.gd","0","38"
"p7_test.gd","0","19"
"p8_test.gd","0","32"
"p9_test.gd","0","17"
"p10_test.gd","0","13"
"p11_test.gd","0","21"
"p12_test.gd","0","130"
"p13_test.gd","0","35"
"p14_test.gd","0","72"
"p15_test.gd","0","60"
"p16_test.gd","0","12"
"p17_test.gd","0","81"
"p21_test.gd","0","66"
"soak_test.gd","0","1"
